https://pricing.ascendagency.com/_next/image?url=https%3A%2F%2Fcdn.sanity.io%2Fimages%2F8n90kyzz%2Fproduction%2Fbf3f08c528315551a692dea1ddf565da5478d049-486x291.png%3Frect%3D98%2C0%2C291%2C291%26w%3D100%26h%3D100&w=256&q=75,Elite Daily,https://www.elitedaily.com/,3 genres,"$1,250 ",89,83,1-2 Weeks,United States,Global,No,Yes,No,https://cdn.sanity.io/images/8n90kyzz/production/024a3a125b2aa7708f7713ab466b7ef6b10f168e-3078x5440.png,
https://pricing.ascendagency.com/_next/image?url=https%3A%2F%2Fcdn.sanity.io%2Fimages%2F8n90kyzz%2Fproduction%2Fd47439e92bfd874a71da6c291c91c799394cb632-400x400.jpg%3Fw%3D100%26h%3D100&w=256&q=75,Palm Beach Post,https://www.palmbeachpost.com/,4 genres,"$1,500 ",85,81,1-2 Weeks,Florida,United States,No,Yes,No,https://cdn.sanity.io/images/8n90kyzz/production/2692e744692ebc711604bc10ae5a0a46241d30f3-2790x7373.png,
https://pricing.ascendagency.com/_next/image?url=https%3A%2F%2Fcdn.sanity.io%2Fimages%2F8n90kyzz%2Fproduction%2F077a0789cd1ba808a28c5891822715e9602e0dc4-1043x1043.webp%3Fw%3D100%26h%3D100&w=256&q=75,Benzinga,https://www.benzinga.com/,3 genres,$750 ,88,86,1 Week,United States,,No,Yes,Yes,https://cdn.sanity.io/images/8n90kyzz/production/18f86a1c01a9212a3417d5b4bfa7ea6d3d979d7d-1570x4669.png,Contributor
https://pricing.ascendagency.com/_next/image?url=https%3A%2F%2Fcdn.sanity.io%2Fimages%2F8n90kyzz%2Fproduction%2F5041b1aaa40d16551100868ea48a56eb9b189663-900x900.jpg%3Fw%3D100%26h%3D100&w=256&q=75,Muscle & Fitness (Includes Social Post),https://www.muscleandfitness.com/,3 genres,"$2,000 ",84,78,4 Weeks,United States,,No,Yes,Yes,https://cdn.sanity.io/images/8n90kyzz/production/95650f9d748b3f5a9de4677b0704e2bd6dca7262-1017x4960.png,Includes Social Posts
https://pricing.ascendagency.com/_next/image?url=https%3A%2F%2Fcdn.sanity.io%2Fimages%2F8n90kyzz%2Fproduction%2F06a42bcf8a22981a334fe1728f9bf14ff480079b-400x400.jpg%3Fw%3D100%26h%3D100&w=256&q=75,WWD,https://wwd.com/,5 genres,"$4,000 ",87,87,1-2 Weeks,United States,,Discrete,Yes,No,https://cdn.sanity.io/images/8n90kyzz/production/ae4108249c94e80a98e453c3983f86a360a7bde8-1022x4096.png,
https://pricing.ascendagency.com/_next/image?url=https%3A%2F%2Fcdn.sanity.io%2Fimages%2F8n90kyzz%2Fproduction%2F8959e70f9adb155c116f47e4f4fc24dec3aa87b4-500x500.png%3Fw%3D100%26h%3D100&w=256&q=75,Detroit Free Press,https://www.freep.com/,4 genres,"$1,500 ",91,86,1-2 Weeks,Michigan,United States,No,Yes,No,https://cdn.sanity.io/images/8n90kyzz/production/20b868240bb89f89b2666458375559fbe55790bb-1250x4198.png,
https://pricing.ascendagency.com/_next/image?url=https%3A%2F%2Fcdn.sanity.io%2Fimages%2F8n90kyzz%2Fproduction%2Fdfabcf3f391b81ec39aa8eb988b784b9b99a4dfb-400x400.jpg%3Fw%3D100%26h%3D100&w=256&q=75,Khaleej Times,https://www.khaleejtimes.com/,,$325 ,87,83,5 Days,UAE,Middle East,No,Yes,Yes,https://cdn.sanity.io/images/8n90kyzz/production/adc22e93ff59526d5593bcbf530646d5e4bacdb0-1333x3330.png,Press Release
https://pricing.ascendagency.com/_next/image?url=https%3A%2F%2Fcdn.sanity.io%2Fimages%2F8n90kyzz%2Fproduction%2F31c18df00d61f7df0a7ded541946316aeb7b68c1-200x200.jpg%3Fw%3D100%26h%3D100&w=256&q=75,Daily Scanner,https://www.dailyscanner.com/,5 genres,$75 ,67,59,1 Day,United States,,No,Yes,No,https://cdn.sanity.io/images/8n90kyzz/production/f8015fee6ac12f49d8c8e6146dfd9d8d62c86833-1467x4089.png,
https://pricing.ascendagency.com/_next/image?url=https%3A%2F%2Fcdn.sanity.io%2Fimages%2F8n90kyzz%2Fproduction%2Fa558e873a94259ee3362637338451ba644f26978-300x41.png%3Frect%3D130%2C0%2C41%2C41%26w%3D100%26h%3D100&w=256&q=75,California Business Journal,https://calbizjournal.com/,3 genres,$300 ,40,70,1 Week,California,United States,No,Yes,Yes,https://cdn.sanity.io/images/8n90kyzz/production/799ca863dc000fb22b18ecec43bb3cec826753f1-2890x10362.png,
https://pricing.ascendagency.com/_next/image?url=https%3A%2F%2Fcdn.sanity.io%2Fimages%2F8n90kyzz%2Fproduction%2Fb808c552cd39631bd03ed51505961b0c4a0ba6ac-400x400.jpg%3Fw%3D100%26h%3D100&w=256&q=75,STL Today,https://www.stltoday.com/,,$750 ,86,84,1 Week,Missouri,United States,No,Yes,Yes,https://cdn.sanity.io/images/8n90kyzz/production/fbdb17ebbe3d7c815af23ad82b22a2d8c321c6de-1301x4826.png,
https://pricing.ascendagency.com/_next/image?url=https%3A%2F%2Fcdn.sanity.io%2Fimages%2F8n90kyzz%2Fproduction%2F416bd6bff3ba1590c589ba8ffdd86a6cbb189766-225x225.png%3Fw%3D100%26h%3D100&w=256&q=75,Life & Style,https://www.lifeandstylemag.com/,7 genres,$850 ,78,73,1-2 Weeks,United States,Global,No,Yes,No,https://cdn.sanity.io/images/8n90kyzz/production/b659a066915ce3e380ad971e78f70f193cee6711-1987x5985.png,
https://pricing.ascendagency.com/_next/image?url=https%3A%2F%2Fcdn.sanity.io%2Fimages%2F8n90kyzz%2Fproduction%2F571dc2922f68d8211222a680f864f4ceb832eed7-404x316.jpg%3Frect%3D44%2C0%2C316%2C316%26w%3D100%26h%3D100&w=256&q=75,Flaunt Magazine,https://flaunt.com/,4 genres,$450 ,67,76,2-4 Weeks,United States,California,No,Yes,Yes,https://cdn.sanity.io/images/8n90kyzz/production/6889d2c916df8c533a46cfd646825414c73582a2-1301x5350.png,
https://pricing.ascendagency.com/_next/image?url=https%3A%2F%2Fcdn.sanity.io%2Fimages%2F8n90kyzz%2Fproduction%2Fc496ba8faf223e9a6edf0e9d8282baad6e5d47aa-1153x1153.jpg%3Fw%3D100%26h%3D100&w=256&q=75,OK! Magazine,https://okmagazine.com/,5 genres,"$1,000 ",81,75,3-5 Days,Global,United States,No,Yes,Yes,https://cdn.sanity.io/images/8n90kyzz/production/85f16145cac8a083e628d6c27f01067b5ad287d1-1301x4946.png,Staff
https://pricing.ascendagency.com/_next/image?url=https%3A%2F%2Fcdn.sanity.io%2Fimages%2F8n90kyzz%2Fproduction%2F071bcbd5c6a1ed1bb85a6905d1d9799aa1cea267-512x512.png%3Fw%3D100%26h%3D100&w=256&q=75,Daily Caller,https://dailycaller.com/,4 genres,$650 ,88,82,1-3 Days,Global,,No,Yes,Yes,https://cdn.sanity.io/images/8n90kyzz/production/a2d80cbf4c75518238b7109749b0e808d1d01c42-3192x10057.png,
https://pricing.ascendagency.com/_next/image?url=https%3A%2F%2Fcdn.sanity.io%2Fimages%2F8n90kyzz%2Fproduction%2Fcea7e57b38466efab308f441d3acb5a7a8a02526-1200x630.png%3Frect%3D285%2C0%2C630%2C630%26w%3D100%26h%3D100&w=256&q=75,Success.com,https://success.com/,3 genres,"$1,250 ",80,80,6-8 Weeks,United States,,Discrete,Yes,No,https://cdn.sanity.io/images/8n90kyzz/production/b11e6f62bbdb7eaf02615c74da940127e8e0e313-3192x7214.png,
https://pricing.ascendagency.com/_next/image?url=https%3A%2F%2Fcdn.sanity.io%2Fimages%2F8n90kyzz%2Fproduction%2Ff492719ae2de05010cc15332ed39d8f76bb650d3-400x400.png%3Fw%3D100%26h%3D100&w=256&q=75,In Touch Weekly,https://www.intouchweekly.com/,5 genres,$850 ,85,75,1-2 Weeks,Global,United States,No,Yes,No,https://cdn.sanity.io/images/8n90kyzz/production/8fc961e7b3f0a3fa1afa38c0d0eaba456827584e-3344x10860.png,
https://pricing.ascendagency.com/_next/image?url=https%3A%2F%2Fcdn.sanity.io%2Fimages%2F8n90kyzz%2Fproduction%2F9b5c054cb8bc5056d9c045e6c953fac1820e26ae-3200x3200.png%3Fw%3D100%26h%3D100&w=256&q=75,Global Banking & Finance,https://www.globalbankingandfinance.com/,,$300 ,81,79,3-5 Days,United States,,No,Yes,No,https://cdn.sanity.io/images/8n90kyzz/production/dad282c2b4d3214c02d91f015a9c1df61a3d415f-2890x5274.png,Lowered
https://pricing.ascendagency.com/_next/image?url=https%3A%2F%2Fcdn.sanity.io%2Fimages%2F8n90kyzz%2Fproduction%2F6edb86414219e096f338ae42919c56b3a8cf8540-225x225.png%3Fw%3D100%26h%3D100&w=256&q=75,Woman's World,https://www.womansworld.com/,,$850 ,64,72,1-2 Weeks,Global,United States,No,Yes,No,https://cdn.sanity.io/images/8n90kyzz/production/281e5f78118fe2e731fb74440291ec9c9b82c147-2840x7288.png,
https://pricing.ascendagency.com/_next/image?url=https%3A%2F%2Fcdn.sanity.io%2Fimages%2F8n90kyzz%2Fproduction%2F243720b9224a31aa7339f9b8d73cbecfe3ba226b-900x900.jpg%3Fw%3D100%26h%3D100&w=256&q=75,Hollywood Unlocked,https://hollywoodunlocked.com/,4 genres,$850 ,65,53,1-3 Days,California,United States,No,Yes,Yes,https://cdn.sanity.io/images/8n90kyzz/production/32bbf1bcdcf706fde08e3cfe6915fe9d62338d33-1301x5347.png,
https://pricing.ascendagency.com/_next/image?url=https%3A%2F%2Fcdn.sanity.io%2Fimages%2F8n90kyzz%2Fproduction%2F03d745bed686ba71fb1d00ab4ea7ea1cdb86ec73-512x512.png%3Fw%3D100%26h%3D100&w=256&q=75,Investing.com,https://investing.com/,3 genres,"$1,500 ",90,88,1-2 Weeks,United States,,No,Yes,No,https://cdn.sanity.io/images/8n90kyzz/production/5711a559c445b07beb094715d6c45996c8af06e2-3078x6505.png,
https://pricing.ascendagency.com/_next/image?url=https%3A%2F%2Fcdn.sanity.io%2Fimages%2F8n90kyzz%2Fproduction%2F64196575ce219a5effa69c1bb0494e5d5e87ed05-500x500.webp%3Fw%3D100%26h%3D100&w=256&q=75,Digital Journal,https://www.digitaljournal.com/,4 genres,$325 ,87,87,1-3 Days,Global,,No,Yes,Yes,https://cdn.sanity.io/images/8n90kyzz/production/528d497b3c110e9767ca058a249fb08cf763867f-1301x4730.png,Contributor
https://pricing.ascendagency.com/_next/image?url=https%3A%2F%2Fcdn.sanity.io%2Fimages%2F8n90kyzz%2Fproduction%2Fa6402cb9f730ecc13322f733e44fbce7b0a9e5f9-256x256.png%3Fw%3D100%26h%3D100&w=256&q=75,Mashable (NL),https://nl.mashable.com/,5 genres,$800 ,93,91,1 Week,Netherlands,,No,Yes,Yes,https://cdn.sanity.io/images/8n90kyzz/production/ad97953db0fde5b6faf7164b4581ef1f17ff3b8e-1463x2690.png,
https://pricing.ascendagency.com/_next/image?url=https%3A%2F%2Fcdn.sanity.io%2Fimages%2F8n90kyzz%2Fproduction%2Fbadfd6321fc2cfb8e8422f9e9ac1715736254ce6-225x225.png%3Fw%3D100%26h%3D100&w=256&q=75,CEO World Biz,https://ceoworld.biz/,,$450 ,71,77,1-2 Days,United States,,No,Yes,No,https://cdn.sanity.io/images/8n90kyzz/production/580a69ca2face30a391cd12a533340aa68fa8c93-2890x9015.png,Contributor
https://pricing.ascendagency.com/_next/image?url=https%3A%2F%2Fcdn.sanity.io%2Fimages%2F8n90kyzz%2Fproduction%2Fda04efc0b7de50c12912b355e1b6283cddb8c34b-400x400.png%3Fw%3D100%26h%3D100&w=256&q=75,Meditech Today,https://meditechtoday.com/,3 genres,$150 ,56,26,1-3 Days,United States,,No,Yes,Yes,https://cdn.sanity.io/images/8n90kyzz/production/bc4852a086b58aadff9168192caf110ca3f5520a-2890x6445.png,Staff
https://pricing.ascendagency.com/_next/image?url=https%3A%2F%2Fcdn.sanity.io%2Fimages%2F8n90kyzz%2Fproduction%2Fb0d30dc595716ff469b543cba34785264028584e-300x300.png%3Fw%3D100%26h%3D100&w=256&q=75,SF Weekly,https://www.sfweekly.com/,,$500 ,73,80,1-3 Days,California,United States,No,Yes,Yes,https://cdn.sanity.io/images/8n90kyzz/production/fe286bdb9e91cb0111765a4d1bad64a2667d19c3-1463x5766.png,
https://pricing.ascendagency.com/_next/image?url=https%3A%2F%2Fcdn.sanity.io%2Fimages%2F8n90kyzz%2Fproduction%2Ff5714660f0c47986169112a17c3455b657cf366d-204x204.png%3Fw%3D100%26h%3D100&w=256&q=75,Digital Trends,https://www.digitaltrends.com/,3 genres,"$1,750 ",92,90,1 Week,United States,,No,Yes,No,,
https://pricing.ascendagency.com/_next/image?url=https%3A%2F%2Fcdn.sanity.io%2Fimages%2F8n90kyzz%2Fproduction%2Fb8907d9c003bbda55b799ea2642fcd0f85db12e5-512x512.png%3Fw%3D100%26h%3D100&w=256&q=75,LA Weekly,https://laweekly.com/,6 genres,$550 ,76,84,1 Day,California,United States,No,Yes,No,https://cdn.sanity.io/images/8n90kyzz/production/dbf9f63799bd14ba82fda5497856e6faac4b04f9-1130x4096.png,
https://pricing.ascendagency.com/_next/image?url=https%3A%2F%2Fcdn.sanity.io%2Fimages%2F8n90kyzz%2Fproduction%2Fcdcada72ced08f76cfd78d5b967d9656a9747312-1200x300.webp%3Frect%3D450%2C0%2C300%2C300%26w%3D100%26h%3D100&w=256&q=75,Fashion Week Daily,https://fashionweekdaily.com/,3 genres,$300 ,69,74,3-5 Days,Global,,No,Yes,No,https://cdn.sanity.io/images/8n90kyzz/production/4f23c382442bfed37a009de2d2d3dcc81ecfcbee-1463x2888.png,
https://pricing.ascendagency.com/_next/image?url=https%3A%2F%2Fcdn.sanity.io%2Fimages%2F8n90kyzz%2Fproduction%2F9df347efe5cb3c3cb8f38ba27505af032d166097-400x400.png%3Fw%3D100%26h%3D100&w=256&q=75,Bustle,https://www.bustle.com/,3 genres,"$1,250 ",91,89,1-2 Weeks,United States,Global,No,Yes,No,https://cdn.sanity.io/images/8n90kyzz/production/6d4c61894fb4ede3c683836448645678379f1ee1-3078x7815.png,
https://pricing.ascendagency.com/_next/image?url=https%3A%2F%2Fcdn.sanity.io%2Fimages%2F8n90kyzz%2Fproduction%2Fe88a9bd3850fa2e3f9b550ec8f6ad55e92f13cd5-500x500.png%3Fw%3D100%26h%3D100&w=256&q=75,Arizona Central,https://www.azcentral.com/,4 genres,"$1,500 ",90,87,1-2 Weeks,Arizona,United States,No,Yes,No,https://cdn.sanity.io/images/8n90kyzz/production/afe16b0a3a649d38c526553697aab854f49de235-1463x4146.png,
https://pricing.ascendagency.com/_next/image?url=https%3A%2F%2Fcdn.sanity.io%2Fimages%2F8n90kyzz%2Fproduction%2F992ef667f361f4b615c4b558c77bff69f86a12b6-225x225.png%3Fw%3D100%26h%3D100&w=256&q=75,Arabian Business,https://www.arabianbusiness.com/,,"$1,500 ",85,80,1-2 Weeks,UAE,Middle East,No,Yes,Yes,https://cdn.sanity.io/images/8n90kyzz/production/2381cdefa7cb5c45f004abfeb9ae3496af44fa6a-1185x2606.png,
https://pricing.ascendagency.com/_next/image?url=https%3A%2F%2Fcdn.sanity.io%2Fimages%2F8n90kyzz%2Fproduction%2Fb8907d9c003bbda55b799ea2642fcd0f85db12e5-512x512.png%3Fw%3D100%26h%3D100&w=256&q=75,LA Weekly (DO-FOLLOW),https://laweekly.com/,6 genres,"$1,750 ",76,84,1 Day,California,United States,Discrete,Yes,Yes,https://cdn.sanity.io/images/8n90kyzz/production/dbf9f63799bd14ba82fda5497856e6faac4b04f9-1130x4096.png,
https://pricing.ascendagency.com/_next/image?url=https%3A%2F%2Fcdn.sanity.io%2Fimages%2F8n90kyzz%2Fproduction%2F48c8f5f0182342b5fa4f8ab75709ada0029d8336-225x225.png%3Fw%3D100%26h%3D100&w=256&q=75,Tech Times,https://www.techtimes.com/,3 genres,$650 ,83,83,1-3 Days,Global,,No,Yes,Yes,https://cdn.sanity.io/images/8n90kyzz/production/4b2680dbe9bc6b0ee3827c604acafa5675274fc2-3192x6534.png,
https://pricing.ascendagency.com/_next/image?url=https%3A%2F%2Fcdn.sanity.io%2Fimages%2F8n90kyzz%2Fproduction%2F4d7a8a89677d5df1d22f9bd1e39504c3bbe5c548-225x225.png%3Fw%3D100%26h%3D100&w=256&q=75,AV Club,http://avclub.com/,,"$1,150 ",87,82,1 Week,United States,,No,Yes,Yes,,
https://pricing.ascendagency.com/_next/image?url=https%3A%2F%2Fcdn.sanity.io%2Fimages%2F8n90kyzz%2Fproduction%2F3d9ca98a550a9c137144fb98f6513b4ca130f1e6-1280x276.png%3Frect%3D502%2C0%2C276%2C276%26w%3D100%26h%3D100&w=256&q=75,Maxim Full Feature,https://www.maxim.com/,7 genres,"$2,500 ",85,78,1 - 3 Weeks,New York,United States,Discrete,Yes,Yes,https://cdn.sanity.io/images/8n90kyzz/production/6868b3add072903f90aa051fa48c532cc7c5dc74-1463x3870.png,
https://pricing.ascendagency.com/_next/image?url=https%3A%2F%2Fcdn.sanity.io%2Fimages%2F8n90kyzz%2Fproduction%2F75db19ef6e300ec92bb08ef9a75bc7d193920125-699x445.png%3Frect%3D128%2C0%2C445%2C445%26w%3D100%26h%3D100&w=256&q=75,The Zoe Report,https://www.thezoereport.com/,3 genres,"$1,250 ",77,80,1-2 Weeks,United States,Global,No,Yes,No,https://cdn.sanity.io/images/8n90kyzz/production/3a8fbdf25f770711ed1c2a242079f3925dc459be-4208x8233.png,
https://pricing.ascendagency.com/_next/image?url=https%3A%2F%2Fcdn.sanity.io%2Fimages%2F8n90kyzz%2Fproduction%2F784068b0971378d9d5d36aebe3e4f84670ce43a2-300x222.webp%3Frect%3D39%2C0%2C222%2C222%26w%3D100%26h%3D100&w=256&q=75,Grit Daily,https://gritdaily.com/,4 genres,$450 ,68,75,1 Day,Global,,No,Yes,No,https://cdn.sanity.io/images/8n90kyzz/production/d7df1e01069fa1b7ab5770ed67d8a40102b7be3d-1463x3471.png,Staff
https://pricing.ascendagency.com/_next/image?url=https%3A%2F%2Fcdn.sanity.io%2Fimages%2F8n90kyzz%2Fproduction%2Fdeeb79e552a915c910eaeca4a2861a7931a70ad2-225x225.png%3Fw%3D100%26h%3D100&w=256&q=75,LA Mag,https://lamag.com/,,$750 ,83,81,1 Week,California,United States,No,Yes,Yes,https://cdn.sanity.io/images/8n90kyzz/production/faadd6840b65b4f1378f62953cc39bf1e5346e40-3054x5137.jpg,
https://pricing.ascendagency.com/_next/image?url=https%3A%2F%2Fcdn.sanity.io%2Fimages%2F8n90kyzz%2Fproduction%2Faa6c0ca72469cede1258900774de9b1fcaeee4af-1280x630.png%3Frect%3D325%2C0%2C630%2C630%26w%3D100%26h%3D100&w=256&q=75,Paper Mag,https://www.papermag.com/,,"$2,000 ",82,80,1-3 Days,United States,,No,Yes,No,https://cdn.sanity.io/images/8n90kyzz/production/5bb09c5ab3ff046be176ec86fe5e45ed20efcdfb-1055x1368.png,
https://pricing.ascendagency.com/_next/image?url=https%3A%2F%2Fcdn.sanity.io%2Fimages%2F8n90kyzz%2Fproduction%2F8b45d3f1cf97c9ae9641ebf3ff84a7d60120f308-900x500.png%3Frect%3D200%2C0%2C500%2C500%26w%3D100%26h%3D100&w=256&q=75,Entrepreneur (Asia Pacific),https://www.entrepreneur.com/en-au,5 genres,"$2,250 ",92,91,1 - 3 Days,Asia Pacific,,No,Yes,No,https://cdn.sanity.io/images/8n90kyzz/production/a867c95bc4ae5e48093b73241642a267666943b7-1463x3264.png,
https://pricing.ascendagency.com/_next/image?url=https%3A%2F%2Fcdn.sanity.io%2Fimages%2F8n90kyzz%2Fproduction%2Fb0a01d656bad82cbfd7c9c8120761a51b06574ed-225x225.png%3Fw%3D100%26h%3D100&w=256&q=75,First for Women,https://www.firstforwomen.com/,3 genres,$850 ,60,70,1-2 Weeks,Global,United States,No,Yes,No,https://cdn.sanity.io/images/8n90kyzz/production/5a966f37ae9211d34e712691ef9496503e3ff4c2-2840x5312.png,
https://pricing.ascendagency.com/_next/image?url=https%3A%2F%2Fcdn.sanity.io%2Fimages%2F8n90kyzz%2Fproduction%2Ffc0adac603cebd1eb42daa0d1fddc7ae3225f043-225x225.jpg%3Fw%3D100%26h%3D100&w=256&q=75,Washington Times,https://www.washingtontimes.com/,,$600 ,90,86,1 Week,Washington State,United States,Yes,Yes,Yes,https://cdn.sanity.io/images/8n90kyzz/production/ed9259fbde6885450d2b79dff7b13d409398321c-1321x2707.png,
https://pricing.ascendagency.com/_next/image?url=https%3A%2F%2Fcdn.sanity.io%2Fimages%2F8n90kyzz%2Fproduction%2F291112a28604b676970688c33c3db5075f56bf95-225x225.png%3Fw%3D100%26h%3D100&w=256&q=75,Nylon,https://www.nylon.com/,3 genres,"$1,250 ",76,80,1-2 Weeks,United States,,No,Yes,No,https://cdn.sanity.io/images/8n90kyzz/production/f37e1b30407195e72914103424d58758b958d294-3034x6835.png,
https://pricing.ascendagency.com/_next/image?url=https%3A%2F%2Fcdn.sanity.io%2Fimages%2F8n90kyzz%2Fproduction%2Fca6d3ba4e7d30d1227c2c3e49087e511f900c369-225x225.png%3Fw%3D100%26h%3D100&w=256&q=75,Closer Weekly,https://www.closerweekly.com/,4 genres,$850 ,78,70,1-2 Weeks,Global,United States,No,Yes,No,https://cdn.sanity.io/images/8n90kyzz/production/2ed7bc23af7af5ee059c63228d60e72b66150c94-2840x7275.png,
https://pricing.ascendagency.com/_next/image?url=https%3A%2F%2Fcdn.sanity.io%2Fimages%2F8n90kyzz%2Fproduction%2Fb8336610ce560e256ae559ca89f87288954602a0-300x300.jpg%3Fw%3D100%26h%3D100&w=256&q=75,Entrepreneur (India),https://www.entrepreneur.com/en-in,6 genres,"$1,200 ",92,91,1-3 Days,India,,No,Yes,Yes,https://cdn.sanity.io/images/8n90kyzz/production/6dfcb1cf01bf34ea96574b994c1ed5ae9df78b2d-1280x3486.png,
https://pricing.ascendagency.com/_next/image?url=https%3A%2F%2Fcdn.sanity.io%2Fimages%2F8n90kyzz%2Fproduction%2Fc0c3f4b54ce60464bb66a8c32ccd8093ae1d2323-400x400.png%3Fw%3D100%26h%3D100&w=256&q=75,BizJournals.com (New York),https://www.bizjournals.com/,,"$2,250 ",92,91,1-2 Weeks,United States,New York,Discrete,Yes,No,,
https://pricing.ascendagency.com/_next/image?url=https%3A%2F%2Fcdn.sanity.io%2Fimages%2F8n90kyzz%2Fproduction%2F55f631372e665174e1695c9661424982044cc96f-225x225.png%3Fw%3D100%26h%3D100&w=256&q=75,Notion Online,https://notion.online/,,$350 ,45,63,1 Week,Global,,No,Yes,No,https://cdn.sanity.io/images/8n90kyzz/production/22324b027b47b4eb1a5f416c13e4051738f47574-1280x2854.png,
https://pricing.ascendagency.com/_next/image?url=https%3A%2F%2Fcdn.sanity.io%2Fimages%2F8n90kyzz%2Fproduction%2Fef90b9905fbbb40c1427c74641ab791894d0436b-225x225.png%3Fw%3D100%26h%3D100&w=256&q=75,NY Weekly,https://nyweekly.com/,3 genres,$75 ,57,75,2-4 Days,New York,United States,Discrete,Yes,Yes,https://cdn.sanity.io/images/8n90kyzz/production/7606cb0e83c142656ec3b2b714c45fd52ee72d32-6000x10788.png,
https://pricing.ascendagency.com/_next/image?url=https%3A%2F%2Fcdn.sanity.io%2Fimages%2F8n90kyzz%2Fproduction%2F566139d22e75a392a4e9fc0cda8fc746a38505d6-913x664.png%3Frect%3D125%2C0%2C664%2C664%26w%3D100%26h%3D100&w=256&q=75,Wall Street Times,https://wallstreettimes.com/,3 genres,$75 ,54,46,2-4 Days,New York,United States,Discrete,Yes,Yes,,
https://pricing.ascendagency.com/_next/image?url=https%3A%2F%2Fcdn.sanity.io%2Fimages%2F8n90kyzz%2Fproduction%2F5aa93063d152b789c52f3d48ee530dfdd5e2092f-224x224.png%3Fw%3D100%26h%3D100&w=256&q=75,Radar Online,https://radaronline.com/,4 genres,$750 ,81,78,1 Week,United States,,No,Yes,Yes,https://cdn.sanity.io/images/8n90kyzz/production/9fa0b8e0c6b84c5b99c0582c8a6a31e49bb302a7-1280x3652.png,Staff
https://pricing.ascendagency.com/_next/image?url=https%3A%2F%2Fcdn.sanity.io%2Fimages%2F8n90kyzz%2Fproduction%2F1c56834e31da21811d147f3111281051cb240e50-200x200.png%3Fw%3D100%26h%3D100&w=256&q=75,Galore Magazine,https://galoremag.com/,4 genres,$500 ,76,67,1-3 Days,United States,,No,Yes,Yes,https://cdn.sanity.io/images/8n90kyzz/production/8928482753a338899a80fa602c70985b3ffaad7b-2882x4323.png,
https://pricing.ascendagency.com/_next/image?url=https%3A%2F%2Fcdn.sanity.io%2Fimages%2F8n90kyzz%2Fproduction%2Ff0b93adbdb7bd49f85aa0bfef5465e6fdcf0a8c0-630x630.webp%3Fw%3D100%26h%3D100&w=256&q=75,Elle Canada,https://www.ellecanada.com/,4 genres,"$1,250 ",74,74,2 Weeks,Canada,,No,Yes,Yes,https://cdn.sanity.io/images/8n90kyzz/production/f441ac26a615f4c09e225f1d4df247cd8d59b295-3192x10993.png,
https://pricing.ascendagency.com/_next/image?url=https%3A%2F%2Fcdn.sanity.io%2Fimages%2F8n90kyzz%2Fproduction%2F5aa93063d152b789c52f3d48ee530dfdd5e2092f-224x224.png%3Fw%3D100%26h%3D100&w=256&q=75,Radar Online (Homepage 4 Weeks),https://radaronline.com/,4 genres,"$4,500 ",81,78,1 Week,United States,,No,Yes,Yes,https://cdn.sanity.io/images/8n90kyzz/production/9fa0b8e0c6b84c5b99c0582c8a6a31e49bb302a7-1280x3652.png,Staff
https://pricing.ascendagency.com/_next/image?url=https%3A%2F%2Fcdn.sanity.io%2Fimages%2F8n90kyzz%2Fproduction%2Fc0c3f4b54ce60464bb66a8c32ccd8093ae1d2323-400x400.png%3Fw%3D100%26h%3D100&w=256&q=75,BizJournals.com (Los Angeles),https://www.bizjournals.com/,,"$2,250 ",92,91,1-2 Weeks,United States,Los Angeles,Discrete,Yes,No,,
https://pricing.ascendagency.com/_next/image?url=https%3A%2F%2Fcdn.sanity.io%2Fimages%2F8n90kyzz%2Fproduction%2Fad948935239c730f1e86d065bab9ca14b31f2f67-1450x1450.png%3Fw%3D100%26h%3D100&w=256&q=75,Organic Coverage (NY Post / The Sun / The Mirror / Daily Star / Daily Mirror / The Express / Daily Mail),,,"$1,800 ",1,,3-4 Weeks,United Kingdom,Global,No,Yes,No,https://cdn.sanity.io/images/8n90kyzz/production/2c9f6d8fe617525943013c7728e37f385206b9f7-3034x9111.png,
https://pricing.ascendagency.com/_next/image?url=https%3A%2F%2Fcdn.sanity.io%2Fimages%2F8n90kyzz%2Fproduction%2F062ee3b6d698bf978f049461cd8095fece6a7b81-225x225.png%3Fw%3D100%26h%3D100&w=256&q=75,SF Examiner,https://www.sfexaminer.com/,,$500 ,82,80,1-3 Days,California,United States,No,Yes,Yes,https://cdn.sanity.io/images/8n90kyzz/production/d5fe3173003665fe6dbaf8d858b3dfdc8b69f376-1118x4976.png,
https://pricing.ascendagency.com/_next/image?url=https%3A%2F%2Fcdn.sanity.io%2Fimages%2F8n90kyzz%2Fproduction%2F078eeb0a71ea53534b74c2bb6bb44ddc0bd8b1fe-225x225.png%3Fw%3D100%26h%3D100&w=256&q=75,Hollywood Life,https://hollywoodlife.com/,,$750 ,90,80,1 Week,California,United States,No,Yes,Yes,https://cdn.sanity.io/images/8n90kyzz/production/3058d243d52252504ef87c5cd9e8496f84522b4a-2790x7385.png,Staff
https://pricing.ascendagency.com/_next/image?url=https%3A%2F%2Fcdn.sanity.io%2Fimages%2F8n90kyzz%2Fproduction%2F872a51dec6e2b0ec0704eadeaf2cb33247863ea5-1320x742.webp%3Frect%3D289%2C0%2C742%2C742%26w%3D100%26h%3D100&w=256&q=75,"Variety (400,000 Impressions)",https://variety.com/,4 genres,"$10,000 ",93,91,1-2 Weeks,Global,,No,Yes,No,https://cdn.sanity.io/images/8n90kyzz/production/c70a3a665d5ea8dd6c9bd49e5ca99702dab02b37-1820x9006.png,Guaranteed Impressions
https://pricing.ascendagency.com/_next/image?url=https%3A%2F%2Fcdn.sanity.io%2Fimages%2F8n90kyzz%2Fproduction%2F15c70f0a8d5982003fa8dd871d6cc51720a0aec3-225x225.png%3Fw%3D100%26h%3D100&w=256&q=75,Haute Living,https://hauteliving.com/,8 genres,$600 ,78,77,1-2 Weeks,Florida,United States,Discrete,Yes,Yes,https://cdn.sanity.io/images/8n90kyzz/production/fd5e1e82e7c25437e0d68697cfa495b95fa10817-1216x6456.png,
https://pricing.ascendagency.com/_next/image?url=https%3A%2F%2Fcdn.sanity.io%2Fimages%2F8n90kyzz%2Fproduction%2Fc496ba8faf223e9a6edf0e9d8282baad6e5d47aa-1153x1153.jpg%3Fw%3D100%26h%3D100&w=256&q=75,OK! Magazine (Homepage 4 Weeks),https://okmagazine.com/,5 genres,"$4,500 ",81,75,3-5 Days,Global,United States,No,Yes,Yes,https://cdn.sanity.io/images/8n90kyzz/production/85f16145cac8a083e628d6c27f01067b5ad287d1-1301x4946.png,Staff
https://pricing.ascendagency.com/_next/image?url=https%3A%2F%2Fcdn.sanity.io%2Fimages%2F8n90kyzz%2Fproduction%2Fee2ef7fe13529830880dbc2fa99cbf2aaab2b62c-500x500.png%3Fw%3D100%26h%3D100&w=256&q=75,USA Today,https://www.usatoday.com/,6 genres,"$2,000 ",94,92,1-2 Weeks,Global,,No,Yes,No,https://cdn.sanity.io/images/8n90kyzz/production/50ceec4a582bbaa1e4e531b385ad1b4cd7e15a61-1570x4345.png,
https://pricing.ascendagency.com/_next/image?url=https%3A%2F%2Fcdn.sanity.io%2Fimages%2F8n90kyzz%2Fproduction%2F9df231781e439fc78fa6b27e0bc3f9b300bbcb40-900x900.jpg%3Fw%3D100%26h%3D100&w=256&q=75,Miami Herald,https://www.miamiherald.com/,7 genres,$750 ,90,87,1 Week,Florida,,Discrete,Maybe,No,,New
https://pricing.ascendagency.com/_next/image?url=https%3A%2F%2Fcdn.sanity.io%2Fimages%2F8n90kyzz%2Fproduction%2Fccb03c21ba864e13c204c604a70fc2653e3e641d-300x300.png%3Fw%3D100%26h%3D100&w=256&q=75,US Weekly,https://www.usmagazine.com/,5 genres,"$3,500 ",90,84,1 Week,Global,United States,Discrete,Yes,Yes,https://cdn.sanity.io/images/8n90kyzz/production/43cafb06d4f9cdbc4ddc4b70bc767d32cf1d4fe2-2280x5639.png,
https://pricing.ascendagency.com/_next/image?url=https%3A%2F%2Fcdn.sanity.io%2Fimages%2F8n90kyzz%2Fproduction%2F1be4f69bc4eb8254d456b9d1d9aee540b51a5565-500x500.png%3Fw%3D100%26h%3D100&w=256&q=75,Venture Beat,https://venturebeat.com/,4 genres,"$2,500 ",91,91,1 Week,Global,,No,Yes,Yes,https://cdn.sanity.io/images/8n90kyzz/production/8a8ec9185c6349f5182e9a3efd1d70b0186a4480-2652x6601.png,Lowered
https://pricing.ascendagency.com/_next/image?url=https%3A%2F%2Fcdn.sanity.io%2Fimages%2F8n90kyzz%2Fproduction%2F64de3ca05ccff69cc9855608e6c5ffe3cd71a5f9-200x200.png%3Fw%3D100%26h%3D100&w=256&q=75,San Diego Reader,https://www.sandiegoreader.com/,,$550 ,76,76,3 Days,California,United States,No,Yes,No,https://cdn.sanity.io/images/8n90kyzz/production/b916ad911b95506d8c19aeec3ab4afc5ae1e4a3a-2278x5145.png,Raised
